Seq,StepID,StepGroup,Page,Action,ObjectName,InputValue,StoreAs,AssertType,ExpectedValue,WaitCondition,Timeout,Optional,Retry,Screenshot,SkipIf,Description,
1,10,Simulate,DesignPage,click,btn_Simulate,,,,,,10000,FALSE,0,never,,click Simulate,
2,20,ConfigureDesign,Page,fill,txt_ResultName,${data.simulation.CreateInputSet},,,,,10000,FALSE,0,never,,fill Simulation Input set name,
3,30,ConfigureDesign,Page,click,txt_credit_alert_primary,,,,,,10000,FALSE,0,never,,click credit alert primary,
4,40,ConfigureDesign,Page,click,txt_left_Panel_designs,,,,,,10000,FALSE,0,never,,click leftPanel.designs,
5,50,ConfigureDesign,Page,fill,txt_Sample_Size,${data.simulation.sampleSize},,,,,10000,FALSE,0,never,,fill Sample Size,
6,60,ConfigureDesign,Page,select,ddl_Fix_at_Each_Analysis,${data.simulation.fixAtEachAnalysis},,,,,10000,FALSE,0,always,,Select Fix at Each Analysis. Native <select> - select matches by visible label first,
7,70,ConfigureDesign,Page,fill,txt_study_Duration,${data.simulation.studyDuration},,,,,10000,FALSE,0,never,,fill studyDuration,
9,90,ConfigureDesign,Page,fill,txt_number_Of_Events,${data.simulation.numberOfEvents},,,,,10000,FALSE,0,never,,fill numberOfEvents,
10,100,ConfigureDesign,Page,click,txt_Randomization_Method,,,,,,10000,FALSE,0,never,${data.simulation.randomizationMethodSelect}==N/A,focus Randomization Method only when the sim overrides it (inherited from the design otherwise),
11,110,ConfigureDesign,Page,select,ddl_randomization_Method_Select,${data.simulation.randomizationMethodSelect},,,,,10000,FALSE,0,always,,Select randomizationMethodSelect. Native <select> - select matches by visible label first,
12,120,ConfigureDesign,Page,fill,txt_Allocation_Ratio_nt_nc,${data.simulation.allocationRatio},,,,,10000,FALSE,0,never,,fill Allocation Ratio,
13,130,ConfigureDesign,Page,select,ddl_Test_Statistic,${data.simulation.testStatistic},,,,,10000,FALSE,0,always,,Select Test Statistic. Native <select> - select matches by visible label first,
14,140,ConfigureDesign,Page,fill,txt_harrington_Flem_P,${data.simulation.harringtonFlemP},,,,,10000,FALSE,0,never,,fill harringtonFlemP,
15,150,ConfigureDesign,Page,fill,txt_harrington_Flem_Q,${data.simulation.harringtonFlemQ},,,,,10000,FALSE,0,never,,fill harringtonFlemQ,
25,250,ConfigureDesign,Page,select,ddl_Adaptation_Method,${data.simulation.adaptationMethod},,,,,10000,FALSE,0,always,,Select Adaptation Method. Native <select> - select matches by visible label first,
26,260,ConfigureDesign,Page,select,ddl_Adapt_At,${data.simulation.Adapt At},,,,,10000,FALSE,0,always,,Select Adapt At. Native <select> - select matches by visible label first,
27,270,ConfigureDesign,Page,fill,txt_adapt_At_Input,${data.simulation.adaptAtInput},,,,,10000,FALSE,0,never,,fill adaptAtInput,
28,280,ConfigureDesign,Page,select,ddl_adapt_At_Select,${data.simulation.adaptAtSelect},,,,,10000,FALSE,0,always,,Select adaptAtSelect. Native <select> - select matches by visible label first,
29,290,ConfigureDesign,Page,select,ddl_adapt_At_Number_Of_Interims,${data.simulation.adaptAtNumberOfInterims},,,,,10000,FALSE,0,always,,Select adaptAtNumberOfInterims. Native <select> - select matches by visible label first,
30,300,ConfigureDesign,Page,fill,txt_Upper_Limit_on_Study_Duration,${data.simulation.Upper Limit on Study Duration},,,,,10000,FALSE,0,never,,fill Upper Limit on Study Duration,
31,310,ConfigureDesign,Page,select,ddl_Enrollment_Rate_After,${data.simulation.Enrollment Rate After},,,,,10000,FALSE,0,always,,Select Enrollment Rate After. Native <select> - select matches by visible label first,
32,320,ConfigureDesign,Page,fill,txt_multiplier_Enroll_Rate,${data.simulation.multiplierEnrollRate},,,,,10000,FALSE,0,never,,fill multiplierEnrollRate,
33,330,ConfigureDesign,Page,select,ddl_enroll_Rate_After_Adapt,${data.simulation.enrollRateAfterAdapt},,,,,10000,FALSE,0,always,,Select enrollRateAfterAdapt. Native <select> - select matches by visible label first,
34,340,ConfigureDesign,Page,fill,txt_Fixed_Enrollment_Rate_After,${data.simulation.Fixed Enrollment Rate After},,,,,10000,FALSE,0,never,,fill Fixed Enrollment Rate After,
35,350,ConfigureDesign,Page,fill,txt_Reference_HR_for_CP_Chart,${data.simulation.Reference HR for CP Chart},,,,,10000,FALSE,0,never,,fill Reference HR for CP Chart,
36,360,ConfigureDesign,Page,select,ddl_Scale,${data.simulation.scale},,,,,10000,FALSE,0,always,,Select Scale. Native <select> - select matches by visible label first,
37,370,ConfigureDesign,Page,fill,txt_Min_Test_Statistic,${data.simulation.minTestStatistic},,,,,10000,FALSE,0,never,,fill Min. Test Statistic,
38,380,ConfigureDesign,Page,fill,txt_Max_Test_Statistic,${data.simulation.maxTestStatistic},,,,,10000,FALSE,0,never,,fill Max. Test Statistic,
39,390,ConfigureDesign,Page,select,ddl_scale,${data.simulation.scale},,,,,10000,FALSE,0,always,,Select scale. Native <select> - select matches by visible label first,
40,400,ConfigureDesign,Page,fill,txt_Min_CP,${data.simulation.minCp},,,,,10000,FALSE,0,never,,fill Min. CP,
41,410,ConfigureDesign,Page,fill,txt_Max_CP,${data.simulation.maxCp},,,,,10000,FALSE,0,never,,fill Max. CP,
42,420,ConfigureDesign,Page,fill,txt_Min_HR,${data.simulation.minHr},,,,,10000,FALSE,0,never,,fill Min. HR,
43,430,ConfigureDesign,Page,fill,txt_Max_HR,${data.simulation.maxHr},,,,,10000,FALSE,0,never,,fill Max. HR,
44,440,ConfigureDesign,Page,fill,txt_Target_CP_for_Re_Estimating,${data.simulation.targetCpForReEstimatingNumberOfEvents},,,,,10000,FALSE,0,never,,fill Target CP for Re-Estimating,
45,450,ConfigureDesign,Page,select,ddl_CP_Computation_Based_On,${data.simulation.cpComputationBasedOn},,,,,10000,FALSE,0,always,,Select CP Computation Based On. Native <select> - select matches by visible label first,
46,460,ConfigureDesign,Page,fill,txt_Multiplier,${data.simulation.multiplierEnrollRate},,,,,10000,FALSE,0,never,,fill Multiplier,
47,470,ConfigureDesign,Page,click,btn_Response,,,,,,10000,FALSE,0,never,,click Response,
47,475,ConfigureDesign,Page,waitForNetworkIdle,,,,,,,15000,FALSE,0,never,,let the Response tab render after clicking Response before touching its controls,
47,476,ConfigureDesign,Page,sleep,,1500,,,,,5000,FALSE,0,never,,human-like pause so the Response tab inputs (distribution / input-method / hazard-rate table) are present before the automation fills them,
48,480,ConfigureDesign,Page,select,ddl_Distribution,${data.simulation.distributionSelect},,,,,10000,TRUE,0,always,,Distribution is inherited from the design (already set, e.g. Exponential) and is not a native <select> on this tab — Optional so an inherited value doesn't fail the sim
50,500,ConfigureDesign,Page,select,ddl_Input_Method,${data.simulation.inputMethod},,,,,10000,TRUE,0,always,,Input Method inherited from the design (already Hazard Rates for this study) — Optional so an inherited/duplicate control doesn't fail the sim,
51,510,ConfigureDesign,Page,fill,txt_input_Method_Table_0_median_Survival_Time_Control,${data.simulation.inputMethodTable.0.medianSurvivalTimeControl},,,,,10000,FALSE,0,never,,fill inputMethodTable.0.medianSurvivalTimeControl,
52,520,ConfigureDesign,Page,fill,txt_input_Method_Table_0_hazard_Ratio,${data.simulation.inputMethodTable.0.hazardRatio},,,,,10000,FALSE,0,never,,fill inputMethodTable.0.hazardRatio,
54,540,ConfigureDesign,Page,fill,txt_input_Method_Table_0_hazard_Rate_Control,${data.simulation.inputMethodTable.0.hazardRateControl},,,,,10000,FALSE,0,never,,fill inputMethodTable.0.hazardRateControl,
55,550,ConfigureDesign,Page,click,btn_Add_Period,,,,,,10000,FALSE,0,never,${data.simulation.inputMethodTable.1.startingAtTime}==N/A,click Add Period only when period 2 input-method data exists,
56,560,ConfigureDesign,Page,fill,txt_input_Method_Table_1_starting_At_Time,${data.simulation.inputMethodTable.1.startingAtTime},,,,,10000,FALSE,0,never,,fill inputMethodTable.1.startingAtTime,
57,570,ConfigureDesign,Page,fill,txt_input_Method_Table_1_hazard_Rate_Control,${data.simulation.inputMethodTable.1.hazardRateControl},,,,,10000,FALSE,0,never,,fill inputMethodTable.1.hazardRateControl,
58,580,ConfigureDesign,Page,fill,txt_input_Method_Table_1_hazard_Ratio,${data.simulation.inputMethodTable.1.hazardRatio},,,,,10000,FALSE,0,never,,fill inputMethodTable.1.hazardRatio,
59,590,ConfigureDesign,Page,fill,txt_input_Method_Table_0_by_Time,${data.simulation.inputMethodTable.0.byTime},,,,,10000,FALSE,0,never,,fill inputMethodTable.0.byTime,
60,600,ConfigureDesign,Page,fill,txt_input_Method_Table_0_cum_Perc_Survival_Control,${data.simulation.inputMethodTable.0.cumPercSurvivalControl},,,,,10000,FALSE,0,never,,fill inputMethodTable.0.cumPercSurvivalControl,
61,610,ConfigureDesign,Page,fill,txt_input_Method_Table_1_by_Time,${data.simulation.inputMethodTable.1.byTime},,,,,10000,FALSE,0,never,,fill inputMethodTable.1.byTime,
62,620,ConfigureDesign,Page,fill,txt_input_Method_Table_1_cum_Perc_Survival_Control,${data.simulation.inputMethodTable.1.cumPercSurvivalControl},,,,,10000,FALSE,0,never,,fill inputMethodTable.1.cumPercSurvivalControl,
63,630,ConfigureDesign,Page,click,btn_Add_Period,,,,,,10000,FALSE,0,never,${data.simulation.inputMethodTable.2.byTime}==N/A,click Add Period only when period 3 input-method data exists,
64,640,ConfigureDesign,Page,fill,txt_input_Method_Table_2_by_Time,${data.simulation.inputMethodTable.2.byTime},,,,,10000,FALSE,0,never,,fill inputMethodTable.2.byTime,
65,650,ConfigureDesign,Page,fill,txt_input_Method_Table_2_cum_Perc_Survival_Control,${data.simulation.inputMethodTable.2.cumPercSurvivalControl},,,,,10000,FALSE,0,never,,fill inputMethodTable.2.cumPercSurvivalControl,
66,660,ConfigureDesign,Page,fill,txt_input_Method_Table_2_hazard_Ratio,${data.simulation.inputMethodTable.2.hazardRatio},,,,,10000,FALSE,0,never,,fill inputMethodTable.2.hazardRatio,
67,670,ConfigureDesign,Page,check,chk_variable,,,,,,10000,FALSE,0,always,${data.simulation.variable}!=check,check variable when testdata variable=check (SkipIf gates it per iteration),
68,680,ConfigureDesign,Page,uncheck,chk_variable,,,,,,10000,FALSE,0,always,${data.simulation.variable}!=uncheck,uncheck variable when testdata variable=uncheck (SkipIf gates it per iteration),
70,700,ConfigureDesign,Page,fill,txt_follow_Up_Time,${data.simulation.followUpTime},,,,,10000,FALSE,0,never,,fill followUpTime,
71,710,ConfigureDesign,Page,select,ddl_Dropout_Distribution,${data.simulation.dropoutDistributionSelect},,,,,10000,FALSE,0,always,,Select Dropout Distribution. Native <select> - select matches by visible label first,
79,715,ConfigureDesign,Page,select,ddl_piecewise_Input_Method,${data.simulation.piecewiseInputMethod},,,,,10000,FALSE,0,always,,Select piecewiseInputMethod before filling branch-specific dropout fields,
72,720,ConfigureDesign,Page,fill,txt_dropout_Table_0_dropout_By_Time,${data.simulation.dropoutTable.0.dropoutByTime},,,,,10000,FALSE,0,never,,fill dropoutTable.0.dropoutByTime,
73,730,ConfigureDesign,Page,fill,txt_dropout_Table_0_prob_Ofdropout_Control,${data.simulation.dropoutTable.0.probOfdropoutControl},,,,,10000,FALSE,0,never,,fill dropoutTable.0.probOfdropoutControl,
74,740,ConfigureDesign,Page,fill,txt_dropout_Table_0_prob_Ofdropout_Treatment,${data.simulation.dropoutTable.0.probOfdropoutTreatment},,,,,10000,FALSE,0,never,,fill dropoutTable.0.probOfdropoutTreatment,
74,745,ConfigureDesign,Page,click,btn_Dropout_Add_Period,,,,,,10000,FALSE,0,never,${data.simulation.dropoutTable.1.probOfdropoutControl}==N/A,click Dropout Add Period only when period 2 probability data exists,
75,750,ConfigureDesign,Page,fill,txt_dropout_Table_1_dropout_By_Time,${data.simulation.dropoutTable.1.dropoutByTime},,,,,10000,FALSE,0,never,,fill dropoutTable.1.dropoutByTime,
76,760,ConfigureDesign,Page,fill,txt_dropout_Table_1_prob_Ofdropout_Control,${data.simulation.dropoutTable.1.probOfdropoutControl},,,,,10000,FALSE,0,never,,fill dropoutTable.1.probOfdropoutControl,
77,770,ConfigureDesign,Page,fill,txt_dropout_Table_1_prob_Ofdropout_Treatment,${data.simulation.dropoutTable.1.probOfdropoutTreatment},,,,,10000,FALSE,0,never,,fill dropoutTable.1.probOfdropoutTreatment,
78,780,ConfigureDesign,Page,click,txt_dropout_Table_1_prob_Ofdropout_Treatment,,,,,,10000,FALSE,0,never,${data.simulation.dropoutTable.1.probOfdropoutTreatment}==N/A,click dropoutTable.1.probOfdropoutTreatment only when period 2 probability data exists,
80,800,ConfigureDesign,Page,fill,txt_dropout_Table_0_dropout_Hazard_Rate_Control,${data.simulation.dropoutTable.0.dropoutHazardRateControl},,,,,10000,FALSE,0,never,,fill dropoutTable.0.dropoutHazardRateControl,
81,810,ConfigureDesign,Page,fill,txt_dropout_Table_0_dropout_Hazard_Rate_Treatment,${data.simulation.dropoutTable.0.dropoutHazardRateTreatment},,,,,10000,FALSE,0,never,,fill dropoutTable.0.dropoutHazardRateTreatment,
81,815,ConfigureDesign,Page,click,btn_Dropout_Add_Period,,,,,,10000,FALSE,0,never,${data.simulation.dropoutTable.1.dropoutHazardRateControl}==N/A,click Dropout Add Period only when period 2 hazard-rate data exists,
82,820,ConfigureDesign,Page,fill,txt_dropout_Table_1_dropout_Starting_At_Time,${data.simulation.dropoutTable.1.dropoutStartingAtTime},,,,,10000,FALSE,0,never,,fill dropoutTable.1.dropoutStartingAtTime,
83,830,ConfigureDesign,Page,fill,txt_dropout_Table_1_dropout_Hazard_Rate_Control,${data.simulation.dropoutTable.1.dropoutHazardRateControl},,,,,10000,FALSE,0,never,,fill dropoutTable.1.dropoutHazardRateControl,
84,840,ConfigureDesign,Page,fill,txt_dropout_Table_1_dropout_Hazard_Rate_Treatment,${data.simulation.dropoutTable.1.dropoutHazardRateTreatment},,,,,10000,FALSE,0,never,,fill dropoutTable.1.dropoutHazardRateTreatment,
85,850,ConfigureDesign,Page,click,btn_Enrollment,,,,,,10000,FALSE,0,never,,click Enrollment,
86,860,ConfigureDesign,Page,fill,txt_Accrual_Duration_Week,${data.simulation.accrualDuration},,,,,10000,FALSE,0,never,,fill Accrual Duration,
87,870,ConfigureDesign,Page,select,ddl_accrual_Info_Input_Method,${data.simulation.accrualInfoInputMethod},,,,,10000,FALSE,0,always,,Select accrualInfoInputMethod. Native <select> - select matches by visible label first,
88,880,ConfigureDesign,Page,fill,txt_enrollment_Table_0_avg_Subjects_Enrolled,${data.simulation.enrollmentTable.0.avgSubjectsEnrolled},,,,,10000,FALSE,0,never,,fill enrollmentTable.0.avgSubjectsEnrolled,
89,890,ConfigureDesign,Page,click,btn_Add_Period,,,,,,10000,FALSE,0,never,${data.simulation.enrollmentTable.1.startingAtTime}==N/A,click Add Period only when period 2 enrollment data exists,
91,910,ConfigureDesign,Page,fill,txt_enrollment_Table_1_starting_At_Time,${data.simulation.enrollmentTable.1.startingAtTime},,,,,10000,FALSE,0,never,,fill enrollmentTable.1.startingAtTime,
92,920,ConfigureDesign,Page,fill,txt_enrollment_Table_1_avg_Subjects_Enrolled,${data.simulation.enrollmentTable.1.avgSubjectsEnrolled},,,,,10000,FALSE,0,never,,fill enrollmentTable.1.avgSubjectsEnrolled,
93,930,ConfigureDesign,Page,click,btn_Simulation_Setup,,,,,,10000,FALSE,0,never,,click Simulation Setup,
94,940,ConfigureDesign,Page,fill,txt_Number_of_Simulations_Run,${data.simulation.Number of Simulations Run},,,,,10000,FALSE,0,never,,fill Number of Simulations Run,
95,950,ConfigureDesign,Page,select,ddl_Random_Number_Seed,${data.simulation.randomNumberSeed},,,,,10000,FALSE,0,always,,Select Random Number Seed. Native <select> - select matches by visible label first,
96,960,ConfigureDesign,Page,fill,txt_Fixed_Seed,${data.simulation.fixedSeed},,,,,10000,FALSE,0,never,,fill Fixed Seed,
97,970,ConfigureDesign,Page,check,chk_save_Summary_Stats,,,,,,10000,FALSE,0,always,${data.simulation.saveSummaryStats}!=check,check saveSummaryStats when testdata saveSummaryStats=check (SkipIf gates it per iteration),
98,980,ConfigureDesign,Page,uncheck,chk_save_Summary_Stats,,,,,,10000,FALSE,0,always,${data.simulation.saveSummaryStats}!=uncheck,uncheck saveSummaryStats when testdata saveSummaryStats=uncheck (SkipIf gates it per iteration),
99,990,ConfigureDesign,Page,check,chk_save_Subject_Level_Data,,,,,,10000,FALSE,0,always,${data.simulation.saveSubjectLevelData}!=check,check saveSubjectLevelData when testdata saveSubjectLevelData=check (SkipIf gates it per iteration),
100,1000,ConfigureDesign,Page,uncheck,chk_save_Subject_Level_Data,,,,,,10000,FALSE,0,always,${data.simulation.saveSubjectLevelData}!=uncheck,uncheck saveSubjectLevelData when testdata saveSubjectLevelData=uncheck (SkipIf gates it per iteration),
101,1010,ConfigureDesign,Page,fill,txt_sub_Level_Data_Sim_Runs,${data.simulation.subLevelDataSimRuns},,,,,10000,FALSE,0,never,,fill subLevelDataSimRuns,
102,1020,ConfigureDesign,Page,click,btn_Save,,,,,,10000,FALSE,0,never,,click Save,
103,1030,Simulate,DesignPage,click,btn_Save_Simulate,,,,,,10000,FALSE,0,never,,click Save Simulate,
103,1035,ConfigureDesign,Page,fill,txt_ResultName,${data.simulation.Sim Result Name},,,,,10000,FALSE,0,never,,name the simulation result in the Save & Simulate dialog (#inputId) with a distinct name so it opens without colliding with the design 'Result - Set1' link,
104,1040,ConfigureDesign,Page,click,txt_credit_alert_primary,,,,,,10000,FALSE,0,never,,click credit alert primary,
105,1050,Simulate,ResultsPage,waitForSimulation,lbl_RunStatus,,,,Completed,,120000,FALSE,0,always,,Poll the run status until Completed before opening the result,
106,1060,ExtractResults,ResultsPage,click,lnk_ResultName,${data.simulation.Sim Result Name},,,,visible,180000,FALSE,0,always,,Open the simulation result by its distinct name (set in the Save & Simulate dialog) so it does not collide with the design 'Result - Set1' link,
107,1070,ExtractResults,ResultsPage,callCustom,,extractAllResultTables,,,,,120000,FALSE,0,always,,Capture EVERY table on the result page. Requires custom/<Feature>/customSteps.ts to export extractAllResultTables,
108,1080,ExtractResults,-,compareWithBaseline,,,,,,,60000,FALSE,0,never,,Compare captured cells against 06_baseline/<env>/. First run writes the baseline and reports BASELINE_CREATED (green but verifies nothing); every later run is a real PASS/FAIL,
